arquitetura,tamanho_mb,clientes,min_s,med_s,max_s
seq,5,4,0.0023,0.0066,0.0115
seq,50,4,0.0348,0.0949,0.1523
seq,500,4,0.4568,1.2335,2.0340
seq,5,20,0.0038,0.0206,0.0363
seq,50,20,0.0499,0.3693,0.7176
seq,500,20,0.4413,4.6727,9.1195
seq,5,80,0.0036,0.0300,0.0979
seq,50,80,0.0501,1.2786,2.6288
seq,500,80,0.5949,17.9614,36.5313
thread,5,4,0.0038,0.0064,0.0094
thread,50,4,0.0516,0.0764,0.0903
thread,500,4,0.8369,0.9021,0.9631
thread,5,20,0.0059,0.0155,0.0354
thread,50,20,0.1178,0.3356,0.5283
thread,500,20,3.0957,4.2401,5.4497
thread,5,80,0.0029,0.0242,0.0652
thread,50,80,0.0505,0.5775,1.4631
thread,500,80,2.3863,16.3421,22.4138
pool,5,4,0.0052,0.0080,0.0122
pool,50,4,0.0480,0.0775,0.0893
pool,500,4,0.7753,0.9110,1.1700
pool,5,20,0.0022,0.0153,0.0369
pool,50,20,0.0533,0.3288,0.5202
pool,500,20,1.7486,4.0930,5.4949
pool,5,80,0.0032,0.0133,0.0416
pool,50,80,0.0507,0.3732,0.8286
pool,500,80,3.3009,15.2104,23.5856
p2p,5,1,1.1022,1.1022,1.1022
p2p,5,1,1.0470,1.0470,1.0470
p2p,5,1,1.0886,1.0886,1.0886
p2p,5,4,1.0602,1.0867,1.0994
p2p,5,4,1.1399,1.1415,1.1437
p2p,5,4,1.0923,1.1274,1.1408
p2p,5,8,1.0738,1.1801,1.2009
p2p,5,8,1.1474,1.2573,1.2767
p2p,5,8,1.1735,1.2466,1.2704
p2p,50,1,1.1037,1.1037,1.1037
p2p,50,1,1.6658,1.6658,1.6658
p2p,50,1,1.6681,1.6681,1.6681
p2p,50,4,2.1036,2.4738,2.8602
p2p,50,4,2.0732,2.3930,2.7060
p2p,50,4,2.3539,2.4324,2.5112
p2p,50,8,4.1516,5.5704,6.3792
p2p,50,8,44.3615,44.7966,45.1087
p2p,50,8,3.0180,3.7354,4.2165
p2p,500,1,11.2199,11.2199,11.2199
p2p,500,1,51.4542,51.4542,51.4542
p2p,500,1,12.0062,12.0062,12.0062
